name,status,objective,checker,time_s,matches_published_optimum
25fv47,OPTIMAL_VERIFIED,5501.85,PASS primal=2.85993e-12 dual=4.996e-16 complementarity=3.81107e-14,0.581,
80bau3b,OPTIMAL_VERIFIED,987224.0,PASS primal=5.47828e-12 dual=1.42109e-14 complementarity=5.48894e-13,1.739,
adlittle,OPTIMAL_VERIFIED,225495.0,PASS primal=4.54747e-13 dual=4.26326e-14 complementarity=4.54747e-13,0.004,
afiro,OPTIMAL_VERIFIED,-464.753,PASS primal=1.53477e-12 dual=0 complementarity=1.53211e-14,0.003,yes
agg,OPTIMAL_VERIFIED,-35991800.0,PASS primal=1.6189e-10 dual=1.45661e-13 complementarity=1.46372e-12,0.007,
agg2,OPTIMAL_VERIFIED,-20239300.0,PASS primal=1.14596e-10 dual=4.26326e-14 complementarity=2.98153e-13,0.010,
agg3,OPTIMAL_VERIFIED,10312100.0,PASS primal=5.82077e-11 dual=4.26326e-14 complementarity=2.6453e-13,0.010,
bandm,OPTIMAL_VERIFIED,-158.628,PASS primal=3.73182e-13 dual=2.77556e-17 complementarity=4.70735e-14,0.024,
beaconfd,OPTIMAL_VERIFIED,33592.5,PASS primal=2.36824e-11 dual=0 complementarity=1.77636e-15,0.006,
blend,OPTIMAL_VERIFIED,-30.8121,PASS primal=6.53255e-13 dual=0 complementarity=6.38436e-12,0.004,
bnl1,OPTIMAL_VERIFIED,1977.63,PASS primal=9.09495e-13 dual=2.06501e-14 complementarity=1.34337e-13,0.079,
bnl2,OPTIMAL_VERIFIED,1811.24,PASS primal=1.81899e-12 dual=8.88178e-16 complementarity=4.61853e-14,0.914,
boeing1,OPTIMAL_VERIFIED,-335.214,PASS primal=4.54747e-13 dual=5.55112e-17 complementarity=1.24345e-14,0.017,
boeing2,OPTIMAL_VERIFIED,-315.019,PASS primal=2.82441e-12 dual=1.11022e-15 complementarity=1.24345e-14,0.005,
bore3d,OPTIMAL_VERIFIED,1373.08,PASS primal=2.72848e-12 dual=7.10543e-15 complementarity=2.51506e-12,0.011,
brandy,OPTIMAL_VERIFIED,1518.51,PASS primal=9.29701e-13 dual=0 complementarity=2.47175e-14,0.011,
capri,OPTIMAL_VERIFIED,2690.01,PASS primal=1.77443e-12 dual=2.13718e-15 complementarity=1.21098e-13,0.023,
cycle,OPTIMAL_VERIFIED,-5.22639,PASS primal=3.63798e-12 dual=2.77556e-17 complementarity=2.70219e-17,0.216,
czprob,OPTIMAL_VERIFIED,2185200.0,PASS primal=4.09273e-12 dual=2.84217e-14 complementarity=5.68434e-14,0.085,
d2q06c,OPTIMAL_VERIFIED,122784.0,PASS primal=1.18916e-10 dual=7.10543e-15 complementarity=1.01323e-11,4.528,
d6cube,OPTIMAL_VERIFIED,315.492,PASS primal=2.72848e-12 dual=8.88178e-16 complementarity=1.29896e-14,3.298,
degen2,OPTIMAL_VERIFIED,-1435.18,PASS primal=2.22045e-16 dual=8.88178e-16 complementarity=6.21725e-15,0.088,
degen3,OPTIMAL_VERIFIED,-987.294,PASS primal=1.42109e-14 dual=6.66134e-16 complementarity=2.57017e-14,2.939,
dfl001,TIMEOUT,,,60.000,
e226,OPTIMAL_VERIFIED,-11.6389,PASS primal=7.12319e-13 dual=5.55112e-17 complementarity=1.48992e-13,0.013,
etamacro,OPTIMAL_VERIFIED,-755.715,PASS primal=1.51278e-13 dual=1.42109e-14 complementarity=1e-09,0.024,
fffff800,OPTIMAL_VERIFIED,555680.0,PASS primal=8.73115e-11 dual=0 complementarity=2.91038e-11,0.032,
finnis,OPTIMAL_VERIFIED,172791.0,PASS primal=1.81899e-12 dual=7.10543e-14 complementarity=4.54747e-13,0.016,
fit1d,OPTIMAL_VERIFIED,-9146.38,PASS primal=2.91038e-11 dual=7.10543e-15 complementarity=1.06581e-13,0.035,
fit1p,OPTIMAL_VERIFIED,9146.38,PASS primal=2.84217e-14 dual=2.22045e-16 complementarity=7.36033e-12,0.126,
fit2d,OPTIMAL_VERIFIED,-68464.3,PASS primal=2.68273e-10 dual=7.10543e-15 complementarity=6.75016e-14,1.802,
fit2p,OPTIMAL_VERIFIED,68464.3,PASS primal=1.08002e-12 dual=2.22045e-16 complementarity=4.71658e-11,8.874,
forplan,OPTIMAL_VERIFIED,-664.219,PASS primal=9.31323e-10 dual=2.22045e-16 complementarity=7.10543e-15,0.013,
ganges,OPTIMAL_VERIFIED,-109586.0,PASS primal=6.36646e-11 dual=4.44089e-16 complementarity=2.47931e-13,0.082,
gfrd-pnc,OPTIMAL_VERIFIED,6902240.0,PASS primal=6.7246e-12 dual=5.55112e-16 complementarity=8.00355e-11,0.034,
greenbea,TIMEOUT,,,60.000,
greenbeb,OPTIMAL_VERIFIED,-4302260.0,PASS primal=1.72804e-11 dual=3.55049e-12 complementarity=1.34825e-12,2.562,
grow15,OPTIMAL_VERIFIED,-106871000.0,PASS primal=1.97945e-09 dual=0 complementarity=5.32988e-13,0.055,
grow22,OPTIMAL_VERIFIED,-160834000.0,PASS primal=1.07726e-08 dual=0 complementarity=1.66479e-13,0.138,
grow7,OPTIMAL_VERIFIED,-47787800.0,PASS primal=1.38243e-08 dual=0 complementarity=5.48672e-13,0.015,
israel,OPTIMAL_VERIFIED,-896645.0,PASS primal=1.16415e-10 dual=0 complementarity=2.85061e-12,0.008,
kb2,OPTIMAL_VERIFIED,-1749.9,PASS primal=2.31921e-11 dual=0 complementarity=9.9476e-14,0.003,
lotfi,OPTIMAL_VERIFIED,-25.2647,PASS primal=1.60071e-09 dual=0 complementarity=1.61066e-16,0.007,
maros-r7,OPTIMAL_VERIFIED,1497190.0,PASS primal=3.01952e-10 dual=2.22045e-16 complementarity=1.0271e-11,6.620,
maros,OPTIMAL_VERIFIED,-58063.7,PASS primal=1.87356e-10 dual=4.9738e-14 complementarity=1.25788e-12,0.129,
modszk1,OPTIMAL_VERIFIED,320.62,PASS primal=1.16415e-10 dual=1.13687e-13 complementarity=1.41676e-12,0.136,
nesm,OPTIMAL_VERIFIED,14076000.0,PASS primal=1.08919e-10 dual=1.12493e-13 complementarity=1.63688e-11,0.358,
perold,OPTIMAL_VERIFIED,-9380.76,PASS primal=4.4256e-09 dual=0 complementarity=1.04272e-12,0.275,
pilot.ja,OPTIMAL_VERIFIED,-6113.14,PASS primal=3.97742e-07 dual=0 complementarity=2.92914e-11,0.636,
pilot,OPTIMAL_VERIFIED,-557.49,PASS primal=3.10582e-11 dual=3.46945e-18 complementarity=1.17043e-12,4.995,
pilot.we,OPTIMAL_VERIFIED,-2720110.0,PASS primal=3.00326e-09 dual=0 complementarity=2.91038e-11,0.401,
pilot4,OPTIMAL_VERIFIED,-2581.14,PASS primal=3.45608e-10 dual=0 complementarity=3.08203e-13,0.122,
pilot87,OPTIMAL_VERIFIED,301.71,PASS primal=1.94692e-09 dual=1.37541e-17 complementarity=3.9649e-13,14.298,
pilotnov,OPTIMAL_VERIFIED,-4497.28,PASS primal=1.11074e-08 dual=5.55112e-17 complementarity=2.30263e-09,0.290,
recipe,OPTIMAL_VERIFIED,-266.616,PASS primal=0 dual=1.38778e-16 complementarity=2.2031e-16,0.004,
sc105,OPTIMAL_VERIFIED,-52.2021,PASS primal=3.41061e-13 dual=0 complementarity=2.22045e-16,0.004,
sc205,OPTIMAL_VERIFIED,-52.2021,PASS primal=2.52953e-12 dual=0 complementarity=2.63678e-16,0.007,
sc50a,OPTIMAL_VERIFIED,-64.5751,PASS primal=2.27374e-13 dual=0 complementarity=2.22045e-16,0.003,
sc50b,OPTIMAL_VERIFIED,-70.0,PASS primal=1.42109e-13 dual=0 complementarity=2.08167e-16,0.002,
scagr25,OPTIMAL_VERIFIED,-14753400.0,PASS primal=1.00044e-11 dual=4.61853e-14 complementarity=2.44427e-12,0.027,
scagr7,OPTIMAL_VERIFIED,-2331390.0,PASS primal=3.41061e-12 dual=4.61853e-14 complementarity=4.20641e-12,0.005,
scfxm1,OPTIMAL_VERIFIED,18416.8,PASS primal=5.11591e-13 dual=0 complementarity=7.04395e-15,0.015,
scfxm2,OPTIMAL_VERIFIED,36660.3,PASS primal=9.39567e-12 dual=0 complementarity=1.70927e-14,0.045,
scfxm3,OPTIMAL_VERIFIED,54901.3,PASS primal=4.92052e-12 dual=0 complementarity=3.73035e-14,0.090,
scorpion,OPTIMAL_VERIFIED,1878.12,PASS primal=1.81579e-15 dual=1.42109e-14 complementarity=1.36486e-11,0.013,
scrs8,OPTIMAL_VERIFIED,904.297,PASS primal=5.68434e-14 dual=1.13687e-13 complementarity=3.08248e-12,0.044,
scsd1,OPTIMAL_VERIFIED,8.66667,PASS primal=1.40449e-16 dual=8.88178e-16 complementarity=2.22045e-15,0.011,
scsd6,OPTIMAL_VERIFIED,50.5,PASS primal=9.5568e-16 dual=8.88178e-16 complementarity=6.66134e-15,0.023,
scsd8,OPTIMAL_VERIFIED,905.0,PASS primal=3.55271e-15 dual=8.88178e-16 complementarity=3.24185e-14,0.388,
sctap1,OPTIMAL_VERIFIED,1412.25,PASS primal=7.10543e-15 dual=0 complementarity=7.10543e-14,0.011,
sctap2,OPTIMAL_VERIFIED,1724.81,PASS primal=3.9968e-15 dual=7.10543e-15 complementarity=1.06581e-14,0.079,
sctap3,OPTIMAL_VERIFIED,1424.0,PASS primal=7.99361e-15 dual=7.10543e-15 complementarity=1.59872e-14,0.114,
seba,OPTIMAL_VERIFIED,15711.6,PASS primal=3.97371e-12 dual=3.55271e-15 complementarity=1.13687e-13,0.031,
share1b,OPTIMAL_VERIFIED,-76589.3,PASS primal=1.69873e-10 dual=5.55112e-17 complementarity=1.95399e-14,0.008,
share2b,OPTIMAL_VERIFIED,-415.732,PASS primal=7.67386e-13 dual=1.13798e-15 complementarity=7.68274e-14,0.005,
shell,OPTIMAL_VERIFIED,1208830000.0,PASS primal=0 dual=0 complementarity=0,0.033,
ship04l,OPTIMAL_VERIFIED,1793320.0,PASS primal=3.01981e-14 dual=4.54747e-13 complementarity=2.01794e-12,0.020,
ship04s,OPTIMAL_VERIFIED,1798710.0,PASS primal=2.87135e-14 dual=4.54747e-13 complementarity=1.08002e-12,0.013,
ship08l,OPTIMAL_VERIFIED,1909060.0,PASS primal=2.57572e-14 dual=4.54747e-13 complementarity=4.88853e-12,0.046,
ship08s,OPTIMAL_VERIFIED,1920100.0,PASS primal=2.10665e-14 dual=4.54747e-13 complementarity=4.37694e-12,0.020,
ship12l,OPTIMAL_VERIFIED,1470190.0,PASS primal=5.95635e-14 dual=4.54747e-13 complementarity=1.59162e-12,0.064,
ship12s,OPTIMAL_VERIFIED,1489240.0,PASS primal=4.84057e-14 dual=2.27374e-13 complementarity=9.37916e-13,0.026,
sierra,OPTIMAL_VERIFIED,15394400.0,PASS primal=4.54747e-13 dual=3.63798e-12 complementarity=1.09139e-11,0.072,
stair,OPTIMAL_VERIFIED,-251.267,PASS primal=3.34013e-12 dual=0 complementarity=4.88942e-13,0.066,
standata,OPTIMAL_VERIFIED,1257.7,PASS primal=2.66454e-14 dual=0 complementarity=8.88178e-16,0.006,
standgub,OPTIMAL_VERIFIED,1257.7,PASS primal=2.54019e-13 dual=0 complementarity=8.88178e-16,0.006,
standmps,OPTIMAL_VERIFIED,1406.02,PASS primal=1.15888e-13 dual=0 complementarity=1.06581e-14,0.014,
stocfor1,OPTIMAL_VERIFIED,-41132.0,PASS primal=1.81899e-12 dual=0 complementarity=1.11189e-12,0.004,
stocfor2,OPTIMAL_VERIFIED,-39024.4,PASS primal=1.81899e-12 dual=8.88178e-16 complementarity=1.2709e-13,0.383,
tuff,OPTIMAL_VERIFIED,0.292148,PASS primal=9.09495e-13 dual=0 complementarity=4.09068e-17,0.024,
vtp.base,OPTIMAL_VERIFIED,129831.0,PASS primal=5.24713e-11 dual=0 complementarity=9.09495e-13,0.010,
wood1p,OPTIMAL_VERIFIED,1.4429,PASS primal=4.19521e-13 dual=0 complementarity=3.30145e-14,0.100,
woodw,OPTIMAL_VERIFIED,1.30448,PASS primal=1.13243e-13 dual=0 complementarity=5.55112e-16,0.371,
